Rango IP, País, Región, Ciudad, Código Postal
38.188.255.0/30,CO,CO-ATL,Barranquilla,080001
38.188.255.4/30,CO,CO-ATL,Barranquilla,080001
38.188.255.8/30,CO,CO-ATL,Barranquilla,080001
38.188.255.12/30,CO,CO-ATL,Barranquilla,080001
38.188.255.16/30,CO,CO-ATL,Barranquilla,080001
38.188.255.20/30,CO,CO-ATL,Barranquilla,080001
38.188.255.24/30,CO,CO-ATL,Barranquilla,080001
38.188.255.28/30,CO,CO-ATL,Barranquilla,080001
38.188.255.32/29,CO,CO-ATL,Barranquilla,080001
38.188.255.40/29,CO,CO-ATL,Barranquilla,080001
38.188.255.48/29,CO,CO-ATL,Barranquilla,080001
38.188.255.56/29,CO,CO-ATL,Barranquilla,080001
38.188.255.64/29,CO,CO-ATL,Barranquilla,080001
38.188.255.72/29,CO,CO-ATL,Barranquilla,080001
38.188.255.80/29,CO,CO-ATL,Barranquilla,080001
38.188.255.88/29,CO,CO-ATL,Barranquilla,080001
38.188.255.96/29,CO,CO-ATL,Barranquilla,080001
38.188.255.104/29,CO,CO-ATL,Barranquilla,080001
38.188.255.112/29,CO,CO-ATL,Barranquilla,080001
38.188.255.120/29,CO,CO-ATL,Barranquilla,080001
38.188.255.128/29,CO,CO-ATL,Barranquilla,080001
38.188.255.136/29,CO,CO-ATL,Barranquilla,080001
38.188.255.144/28,CO,CO-ATL,Barranquilla,080001
38.188.255.160/28,CO,CO-ATL,Barranquilla,080001
38.188.255.176/28,CO,CO-ATL,Barranquilla,080001
38.188.255.192/28,CO,CO-ATL,Barranquilla,080001
38.188.255.208/29,CO,CO-ATL,Barranquilla,080001
38.188.255.216/29,CO,CO-ATL,Barranquilla,080001
38.188.255.224/29,CO,CO-ATL,Barranquilla,080001
38.188.255.232/29,CO,CO-ATL,Barranquilla,080001
38.188.255.240/29,CO,CO-ATL,Barranquilla,080001
38.188.255.248/29,CO,CO-ATL,Barranquilla,080001
